MARKER	CHR	POS	BETA	SE	P	EAF	A1	A2
10:100000625	10	100000625	-0.037	0.137	0.781	0.000071	G	A
10:100000645	10	100000645	0.045	0.173	0.961	0.121	C	A
10:100003242	10	100003242	-0.037	0.134	0.48	0.000000504	G	T
10:100003785	10	100003785	-0.008	0.137	0.743	0.155	C	T
10:100004360	10	100004360	0.045	0.134	0.961	0.838	A	G
10:100004906	10	100004906	-0.037	0.173	0.781	0.74	A	C
10:100004996	10	100004996	-0.008	0.137	0.743	0.000000000323	A	G
10:100005282	10	100005282	-0.147	0.134	0.781	0.00093	T	C
10:100007362	10	100007362	0.045	0.173	0.961	0.0000816	C	G
10:100008436	10	100008436	-0.008	0.208	0.743	0.000946	A	G
